"Ticker","Name","Price","Dividend Yield","Market Cap ($M)","P/E Ratio","Payout Ratio","Beta"
"A","Agilent Technologies, Inc.","75.10","0.9","22,433","22.2","19.6","1.10"
"AAL","American Airlines Group, Inc.","25.83","1.5","11,692","7.8","11.8","1.51"
"AAP","Advance Auto Parts, Inc.","158.27","0.2","11,017","26.3","4.1","0.64"
"AAPL","Apple, Inc.","227.06","1.3","1,014,103","19.2","25.3","1.50"
"ABBV","AbbVie, Inc.","74.33","5.7","108,712","27.3","154.7","0.89"
"ABC","AmerisourceBergen Corp.","81.86","2.0","16,701","18.2","35.8","0.80"
"ABMD","ABIOMED, Inc.","164.43","0.0","7,237","28.8","0.0","1.48"
"ABT","Abbott Laboratories","81.04","1.6","138,758","49.4","78.0","1.04"
"ACN","Accenture Plc","186.81","1.6","116,087","24.9","39.9","1.02"
"ADBE","Adobe, Inc.","276.90","0.0","131,471","48.6","0.0","1.60"
"ADI","Analog Devices, Inc.","110.84","1.9","39,205","27.1","52.1","1.25"
"ADM","Archer-Daniels-Midland Co.","39.78","3.6","21,387","17.0","60.6","0.76"
"ADP","Automatic Data Processing, Inc.","158.89","2.0","67,795","30.1","58.9","1.07"
"ADS","Alliance Data Systems Corp.","122.88","2.0","6,063","7.6","15.3","1.18"
"ADSK","Autodesk, Inc.","147.56","0.0","31,982","571.9","0.0","1.64"
"AEE","Ameren Corp.","78.94","2.4","19,030","24.3","59.1","0.26"
"AEP","American Electric Power Co., Inc.","93.71","2.8","45,705","23.4","66.5","0.15"
"AES","The AES Corp.","15.85","3.5","10,296","26.5","92.2","0.65"
"AFL","Aflac, Inc.","51.95","2.1","37,789","12.6","26.2","0.70"
"AGN","Allergan Plc","167.98","1.7","54,825","-6.6","-11.5","0.73"
"AIG","American International Group, Inc.","53.63","2.4","45,600","-536.3","-1,309.5","0.96"
"AIV","Apartment Investment & Management Co.","53.38","3.0","7,934","23.4","69.1","0.46"
"AIZ","Assurant, Inc.","125.36","1.9","7,538","21.3","40.7","0.77"
"AJG","Arthur J. Gallagher & Co.","88.56","1.9","16,143","23.7","45.9","0.74"
"AKAM","Akamai Technologies, Inc.","90.23","0.0","14,546","34.8","0.0","1.16"
"ALB","Albemarle Corp.","65.68","2.2","6,751","12.8","28.1","1.30"
"ALGN","Align Technology, Inc.","184.51","0.0","14,720","35.3","0.0","1.58"
"ALK","Alaska Air Group, Inc.","63.96","2.1","7,788","15.6","33.1","0.97"
"ALL","The Allstate Corp.","107.46","1.8","34,861","13.8","25.1","0.74"
"ALLE","Allegion Plc","102.58","0.9","9,555","22.1","20.8","0.92"
"ALXN","Alexion Pharmaceuticals, Inc.","97.35","0.0","21,480","16.3","0.0","1.40"
"AMAT","Applied Materials, Inc.","50.65","1.7","45,550","16.7","27.8","1.54"
"AMCR","Amcor Plc","9.39","0.0","14,906","16.4","0.0","0.19"
"AMD","Advanced Micro Devices, Inc.","28.93","0.0","30,645","154.2","0.0","2.34"
"AME","AMETEK, Inc.","88.00","0.7","19,633","24.5","15.9","1.11"
"AMG","Affiliated Managers Group, Inc.","74.83","1.7","3,635","-32.7","-56.5","1.24"
"AMGN","Amgen, Inc.","197.17","2.8","117,589","15.5","43.8","0.81"
"AMP","Ameriprise Financial, Inc.","134.73","2.8","16,909","9.8","27.8","1.46"
"AMT","American Tower Corp.","225.28","1.5","100,091","67.7","103.2","0.32"
"AMZN","Amazon.com, Inc.","1,732.66","0.0","843,640","70.2","0.0","1.68"
"ANET","Arista Networks, Inc.","230.94","0.0","17,559","24.0","0.0","1.62"
"ANSS","ANSYS, Inc.","223.12","0.0","18,218","42.7","0.0","1.38"
"ANTM","Anthem, Inc.","241.03","1.3","60,250","15.2","20.1","0.84"
"AON","Aon Plc","190.43","0.9","43,798","34.0","30.1","0.77"
"AOS","A. O. Smith Corp.","45.13","1.9","6,258","18.0","33.4","0.94"
"APA","Apache Corp.","21.40","4.9","7,613","-11.4","-56.5","1.35"
"APD","Air Products & Chemicals, Inc.","213.96","2.2","45,780","27.6","60.0","0.81"
"APH","Amphenol Corp.","95.37","1.0","27,716","23.5","23.2","1.07"
"APTV","Aptiv Plc","84.00","1.1","20,638","22.3","24.3","1.14"
"ARE","Alexandria Real Estate Equities, Inc.","154.35","2.5","17,364","44.0","111.3","0.58"
"ARNC","Arconic, Inc.","24.75","0.8","10,947","27.4","22.0","1.16"
"ATO","Atmos Energy Corp.","112.69","1.9","13,148","26.6","49.3","0.28"
"ATVI","Activision Blizzard, Inc.","55.41","0.6","41,519","25.1","15.8","1.26"
"AVB","AvalonBay Communities, Inc.","219.20","2.7","30,407","33.2","91.1","0.41"
"AVGO","Broadcom, Inc.","276.08","3.6","107,232","37.2","133.5","1.31"
"AVY","Avery Dennison Corp.","111.17","2.0","9,168","39.7","78.1","0.97"
"AWK","American Water Works Co., Inc.","124.57","1.5","22,379","38.8","59.8","0.25"
"AXP","American Express Co.","113.65","1.4","93,371","14.0","19.5","1.04"
"AZO","AutoZone, Inc.","1,060.81","0.0","25,227","16.3","0.0","0.36"
"BA","The Boeing Co.","376.54","2.0","210,509","43.3","87.2","1.14"
"BAC","Bank of America Corp.","28.31","2.2","257,188","10.0","21.6","1.11"
"BAX","Baxter International, Inc.","85.79","0.9","43,402","28.3","26.3","0.84"
"BBT","BB&T Corp.","51.60","3.2","39,059","12.6","40.1","0.79"
"BBY","Best Buy Co., Inc.","66.82","2.9","17,206","11.9","34.6","1.19"
"BDX","Becton, Dickinson & Co.","249.58","1.3","65,998","85.8","107.3","0.95"
"BEN","Franklin Resources, Inc.","27.14","3.8","13,236","10.0","38.6","1.02"
"BF.B","Brown-Forman Corp.","62.47","1.1","29,406","36.4","38.8","0.80"
"BHGE","Baker Hughes, a GE Co.","21.90","3.4","21,948","62.6","210.7","1.00"
"BIIB","Biogen, Inc.","226.99","0.0","40,936","8.4","0.0","0.82"
"BK","The Bank of New York Mellon Corp.","42.24","2.6","39,902","10.9","28.9","0.81"
"BKNG","Booking Holdings, Inc.","1,951.56","0.0","82,396","21.4","0.0","1.13"
"BLK","BlackRock, Inc.","423.17","3.1","63,863","15.9","49.6","1.17"
"BLL","Ball Corp.","72.45","0.6","23,708","46.4","29.3","0.75"
"BMY","Bristol-Myers Squibb Co.","50.88","3.2","82,377","13.3","43.2","0.87"
"BR","Broadridge Financial Solutions, Inc.","121.79","1.6","13,685","29.2","47.4","0.94"
"BRK.B","Berkshire Hathaway, Inc.","207.24","0.0","500,287","17.6","0.0","0.93"
"BSX","Boston Scientific Corp.","40.35","0.0","52,751","40.0","0.0","1.17"
"BWA","BorgWarner, Inc.","34.96","2.0","7,046","9.4","18.8","1.26"
"BXP","Boston Properties, Inc.","128.15","3.0","19,642","37.5","112.0","0.64"
"C","Citigroup, Inc.","68.15","2.7","150,001","9.5","25.6","1.24"
"CAG","Conagra Brands, Inc.","28.63","3.0","13,572","20.0","61.1","0.67"
"CAH","Cardinal Health, Inc.","45.60","4.2","13,146","10.1","42.8","0.90"
"CAT","Caterpillar, Inc.","120.25","2.9","66,368","11.1","32.3","1.39"
"CB","Chubb Ltd.","159.66","1.9","70,859","19.4","36.7","0.63"
"CBOE","Cboe Global Markets, Inc.","118.25","1.1","13,008","32.6","34.7","0.31"
"CBRE","CBRE Group, Inc.","50.42","0.0","16,692","15.9","0.0","1.14"
"CBS","CBS Corp.","38.76","1.9","13,926","4.7","9.1","0.98"
"CCI","Crown Castle International Corp.","137.44","3.2","56,991","79.2","255.6","0.44"
"CCL","Carnival Corp.","40.91","5.0","21,142","9.2","46.0","1.03"
"CDNS","Cadence Design Systems, Inc.","65.60","0.0","17,828","42.1","0.0","1.31"
"CE","Celanese Corp.","119.44","1.9","14,582","14.8","28.2","1.15"
"CELG","Celgene Corp.","99.70","0.0","70,080","13.3","0.0","0.73"
"CERN","Cerner Corp.","66.31","0.3","20,727","36.4","10.1","0.89"
"CF","CF Industries Holdings, Inc.","48.91","2.5","10,667","24.2","59.3","1.28"
"CFG","Citizens Financial Group, Inc. (Rhode Island)","33.94","3.6","14,566","9.1","32.8","1.01"
"CHD","Church & Dwight Co., Inc.","76.05","1.2","18,697","31.0","36.4","0.40"
"CHRW","C.H. Robinson Worldwide, Inc.","83.43","2.4","11,121","16.6","39.6","0.81"
"CHTR","Charter Communications, Inc.","430.04","0.0","94,808","71.8","0.0","0.92"
"CI","Cigna Corp.","149.20","0.0","55,580","13.5","0.0","0.90"
"CINF","Cincinnati Financial Corp.","115.98","1.9","18,590","15.5","29.6","0.71"
"CL","Colgate-Palmolive Co.","71.62","2.4","60,643","27.2","65.1","0.56"
"CLX","The Clorox Co.","151.16","2.6","18,799","23.5","61.9","0.42"
"CMA","Comerica, Inc.","64.03","4.1","9,309","8.1","33.1","0.95"
"CMCSA","Comcast Corp.","44.59","1.8","200,479","16.8","30.5","0.87"
"CME","CME Group, Inc.","213.33","1.4","75,966","41.5","56.7","0.40"
"CMG","Chipotle Mexican Grill, Inc.","814.16","0.0","22,341","90.6","0.0","0.76"
"CMI","Cummins, Inc.","156.50","3.0","24,163","9.5","28.3","1.08"
"CMS","CMS Energy Corp.","64.45","2.3","18,190","31.3","72.2","0.19"
"CNC","Centene Corp.","43.82","0.0","17,685","14.2","0.0","1.15"
"CNP","CenterPoint Energy, Inc.","28.83","4.0","14,152","25.2","101.2","0.35"
"COF","Capital One Financial Corp.","86.88","1.9","39,696","7.5","14.2","1.12"
"COG","Cabot Oil & Gas Corp.","18.17","1.6","7,401","9.2","15.1","0.60"
"COO","The Cooper Cos., Inc.","293.94","0.0","14,181","32.5","0.7","0.86"
"COP","ConocoPhillips","54.60","2.2","59,836","8.8","19.5","1.10"
"COST","Costco Wholesale Corp.","293.41","0.8","128,322","35.3","29.5","0.82"
"COTY","Coty, Inc.","10.34","4.9","7,678","-2.1","-10.1","0.92"
"CPB","Campbell Soup Co.","47.00","3.0","14,084","53.0","158.6","0.31"
"CPRI","Capri Holdings Ltd.","28.83","0.0","4,232","10.7","0.0","1.19"
"CPRT","Copart, Inc.","79.76","0.0","18,614","31.0","0.0","1.03"
"CRM","salesforce.com, inc.","148.80","0.0","113,646","120.6","0.0","1.54"
"CSCO","Cisco Systems, Inc.","47.77","2.9","196,939","18.2","53.2","1.29"
"CSX","CSX Corp.","66.79","1.4","52,559","16.0","22.3","1.07"
"CTAS","Cintas Corp.","260.97","0.0","27,289","29.9","0.0","1.07"
"CTL","CenturyLink, Inc.","11.49","13.9","12,380","-1.5","-21.5","0.98"
"CTSH","Cognizant Technology Solutions Corp.","60.28","1.4","32,529","16.7","22.7","0.93"
"CTVA","Corteva, Inc.","26.00","0.0","19,635","-3.3","0.0","-0.14"
"CTXS","Citrix Systems, Inc.","96.80","1.1","12,537","24.4","26.7","0.64"
"CVS","CVS Health Corp.","61.99","3.3","78,524","17.4","57.5","0.84"
"CVX","Chevron Corp.","113.26","4.1","212,072","14.6","60.2","0.84"
"CXO","Concho Resources, Inc.","63.27","0.4","12,456","25.0","10.1","1.39"
"D","Dominion Energy, Inc.","81.18","4.3","66,344","54.5","236.6","0.19"
"DAL","Delta Air Lines, Inc.","53.36","2.6","34,590","7.9","20.9","0.99"
"DD","DuPont de Nemours, Inc.","66.70","5.9","48,396","54.8","324.0","1.15"
"DE","Deere & Co.","166.55","1.8","51,944","16.0","28.8","1.27"
"DFS","Discover Financial Services","77.70","2.1","23,922","9.1","19.3","1.20"
"DG","Dollar General Corp.","160.01","0.8","41,089","25.6","19.5","0.80"
"DGX","Quest Diagnostics, Inc.","104.67","2.0","13,755","19.5","39.8","0.68"
"DHI","D.R. Horton, Inc.","52.33","1.1","19,570","12.4","13.5","0.78"
"DHR","Danaher Corp.","139.68","0.5","97,289","40.4","19.6","0.95"
"DIS","The Walt Disney Co.","130.90","1.3","231,423","16.4","22.0","0.85"
"DISCA","Discovery, Inc.","27.38","0.0","14,424","11.4","0.0","0.91"
"DISCK","Discovery, Inc.","25.44","0.0","13,419","10.6","0.0","0.90"
"DISH","DISH Network Corp.","33.15","0.0","15,812","10.9","0.0","1.27"
"DLR","Digital Realty Trust, Inc.","128.26","3.2","26,876","117.5","380.8","0.54"
"DLTR","Dollar Tree, Inc.","112.16","0.0","26,615","-16.9","0.0","0.64"
"DOV","Dover Corp.","94.64","2.1","13,378","22.9","47.8","0.97"
"DOW","Dow, Inc.","45.17","0.0","32,589","","","-0.17"
"DRE","Duke Realty Corp.","33.83","2.5","12,326","52.5","131.3","0.59"
"DRI","Darden Restaurants, Inc.","115.79","2.7","13,969","19.9","54.6","0.70"
"DTE","DTE Energy Co.","132.45","2.9","23,862","21.8","62.3","0.18"
"DUK","Duke Energy Corp.","96.92","3.9","70,011","21.4","82.6","0.17"
"DVA","DaVita, Inc.","55.67","0.0","8,688","67.5","0.0","1.03"
"DVN","Devon Energy Corp.","21.89","1.6","8,451","2.7","4.4","1.54"
"DXC","DXC Technology Co.","26.95","3.0","6,897","6.4","18.8","1.45"
"EA","Electronic Arts, Inc.","93.57","0.0","27,272","13.0","0.0","1.08"
"EBAY","eBay, Inc.","37.82","0.8","31,302","14.6","10.9","1.02"
"ECL","Ecolab, Inc.","191.11","0.9","54,572","36.8","34.8","0.79"
"ED","Consolidated Edison, Inc.","93.86","3.1","30,889","22.2","69.4","0.17"
"EFX","Equifax, Inc.","137.76","1.1","16,448","-39.1","-44.9","0.81"
"EIX","Edison International","74.89","3.3","26,760","-98.4","-321.5","0.51"
"EL","The Est√©e Lauder Companies, Inc.","195.22","0.9","68,284","39.8","35.1","1.03"
"EMN","Eastman Chemical Co.","70.41","3.5","9,403","10.8","37.9","1.24"
"EMR","Emerson Electric Co.","64.45","3.1","38,849","18.1","56.1","1.15"
"EOG","EOG Resources, Inc.","69.76","1.4","39,887","11.3","15.6","1.24"
"EQIX","Equinix, Inc.","577.31","1.7","48,304","95.1","158.3","0.57"
"EQR","Equity Residential","87.76","2.5","32,468","50.7","128.3","0.36"
"ES","Eversource Energy","85.37","2.5","27,457","31.5","77.2","0.20"
"ESS","Essex Property Trust, Inc.","329.57","2.3","21,539","53.0","123.2","0.37"
"ETFC","E*TRADE Financial Corp.","37.22","1.1","8,796","9.1","10.4","1.26"
"ETN","Eaton Corp. Plc","78.30","3.6","32,025","15.2","54.4","1.11"
"ETR","Entergy Corp.","117.79","3.1","23,386","22.8","70.1","0.18"
"EVRG","Evergy, Inc.","65.63","2.9","15,307","27.8","80.7","0.14"
"EW","Edwards Lifesciences Corp.","225.18","0.0","45,343","64.9","0.0","1.24"
"EXC","Exelon Corp.","48.46","3.0","46,412","20.7","61.2","0.25"
"EXPD","Expeditors International of Washington, Inc.","70.84","1.4","11,776","19.2","26.5","1.05"
"EXPE","Expedia Group, Inc.","132.35","1.0","19,272","31.9","31.0","0.86"
"EXR","Extra Space Storage, Inc.","116.75","3.0","15,848","34.4","102.3","0.24"
"F","Ford Motor Co.","8.68","7.0","34,074","15.7","110.6","0.87"
"FANG","Diamondback Energy, Inc.","83.37","0.7","13,177","13.3","9.2","1.28"
"FAST","Fastenal Co.","31.03","2.7","17,546","23.2","63.0","1.15"
"FB","Facebook, Inc.","179.68","0.0","507,111","30.2","0.0","1.25"
"FBHS","Fortune Brands Home & Security, Inc.","56.23","1.5","7,727","19.4","29.6","1.23"
"FCX","Freeport-McMoRan, Inc.","8.76","2.4","12,347","19.7","46.3","1.48"
"FDX","FedEx Corp.","142.09","1.9","36,107","83.2","156.4","1.31"
"FE","FirstEnergy Corp.","48.03","3.1","25,714","23.1","71.8","0.32"
"FFIV","F5 Networks, Inc.","133.30","0.0","7,815","17.2","0.0","1.22"
"FIS","Fidelity National Information Services, Inc.","130.57","1.0","79,459","56.2","58.1","0.92"
"FISV","Fiserv, Inc.","104.59","0.0","40,519","43.2","0.0","1.01"
"FITB","Fifth Third Bancorp","26.29","3.4","18,493","8.7","29.5","0.91"
"FLIR","FLIR Systems, Inc.","52.33","1.3","6,979","25.6","32.8","0.95"
"FLS","Flowserve Corp.","44.17","1.8","5,574","28.0","50.0","1.51"
"FLT","FleetCor Technologies, Inc.","284.59","0.0","24,226","27.7","0.0","1.05"
"FMC","FMC Corp.","81.06","1.7","10,309","20.8","36.0","1.10"
"FOX","Fox Corp.","30.49","0.0","18,637","11.9","0.0","-0.27"
"FOXA","Fox Corp.","30.60","0.0","18,649","11.9","0.0","-0.16"
"FRC","First Republic Bank (San Francisco, California)","94.48","0.8","15,577","18.7","14.8","0.88"
"FRT","Federal Realty Investment Trust","135.85","3.0","10,200","41.2","124.4","0.48"
"FTI","TechnipFMC Plc","22.83","2.3","9,978","-5.1","-12.0","1.26"
"FTNT","Fortinet, Inc.","77.81","0.0","13,051","35.6","0.0","1.29"
"FTV","Fortive Corp.","65.64","0.4","21,554","8.4","3.7","1.04"
"GD","General Dynamics Corp.","176.70","2.2","50,980","15.5","34.3","0.95"
"GE","General Electric Co.","8.56","1.8","72,260","-3.5","-6.3","1.11"
"GILD","Gilead Sciences, Inc.","62.73","3.9","78,127","13.5","52.5","0.83"
"GIS","General Mills, Inc.","54.50","3.6","32,727","17.5","63.4","0.33"
"GL","Globe Life, Inc.","93.80","0.7","10,076","14.5","10.5","0.90"
"GLW","Corning, Inc.","27.92","2.8","21,294","15.7","43.6","1.28"
"GM","General Motors Co.","34.75","4.5","48,371","5.5","24.5","0.99"
"GOOG","Alphabet, Inc.","1,207.68","0.0","824,568","24.2","0.0","1.26"
"GOOGL","Alphabet, Inc.","1,208.25","0.0","825,261","24.2","0.0","1.26"
"GPC","Genuine Parts Co.","94.54","3.2","13,519","17.5","56.0","0.65"
"GPN","Global Payments, Inc.","160.20","0.0","47,263","52.0","1.3","1.21"
"GPS","Gap, Inc.","16.57","6.1","6,020","6.7","40.8","0.92"
"GRMN","Garmin Ltd.","84.64","2.6","15,833","21.6","56.1","0.81"
"GS","The Goldman Sachs Group, Inc.","200.40","1.6","70,966","8.3","13.7","1.17"
"GWW","W.W. Grainger, Inc.","288.97","2.0","15,399","19.6","38.3","0.89"
"HAL","Halliburton Co.","18.36","3.9","15,985","12.1","47.6","1.23"
"HAS","Hasbro, Inc.","117.66","2.2","14,726","47.8","107.3","0.99"
"HBAN","Huntington Bancshares, Inc.","13.84","4.2","14,000","10.8","44.9","0.93"
"HBI","Hanesbrands, Inc.","14.84","4.1","5,282","9.6","39.3","1.07"
"HCA","HCA Healthcare, Inc.","118.18","1.3","39,772","11.1","14.3","0.96"
"HCP","HCP, Inc.","36.32","4.1","17,900","17.6","71.5","0.31"
"HD","The Home Depot, Inc.","226.74","2.1","248,237","22.5","47.4","0.91"
"HES","Hess Corp.","62.70","1.6","18,914","-391.9","-630.8","1.57"
"HFC","HollyFrontier Corp.","52.97","2.5","8,572","9.8","24.8","1.35"
"HIG","The Hartford Financial Services Group, Inc.","58.94","2.1","20,906","13.0","27.0","0.73"
"HII","Huntington Ingalls Industries, Inc.","205.55","1.6","8,401","12.7","20.6","1.00"
"HLT","Hilton Worldwide Holdings, Inc.","91.00","0.7","26,017","33.1","21.9","1.04"
"HOG","Harley-Davidson, Inc.","34.11","4.5","5,198","12.5","56.2","1.17"
"HOLX","Hologic, Inc.","49.11","0.0","12,940","-431.5","0.0","0.96"
"HON","Honeywell International, Inc.","163.18","2.0","114,128","17.1","34.5","0.95"
"HP","Helmerich & Payne, Inc.","37.24","7.8","4,007","-54.5","-422.8","1.17"
"HPE","Hewlett-Packard Enterprise Co.","14.35","3.2","18,082","-138.4","-449.6","1.32"
"HPQ","HP, Inc.","16.80","3.8","24,155","6.1","23.3","1.25"
"HRB","H&R Block, Inc.","23.56","4.4","4,638","11.2","48.8","0.62"
"HRL","Hormel Foods Corp.","43.70","1.9","23,003","23.7","45.0","0.45"
"HSIC","Henry Schein, Inc.","62.88","0.0","9,211","19.8","0.0","0.74"
"HST","Host Hotels & Resorts, Inc.","16.80","4.9","12,006","11.3","55.1","0.84"
"HSY","The Hershey Co.","157.70","1.8","32,752","26.4","48.9","0.25"
"HUM","Humana, Inc.","255.24","0.8","34,200","13.9","11.5","0.83"
"IBM","International Business Machines Corp.","141.28","4.6","122,587","14.5","66.5","1.00"
"ICE","Intercontinental Exchange, Inc.","94.36","1.1","52,084","26.5","29.4","0.63"
"IDXX","IDEXX Laboratories, Inc.","272.05","0.0","23,048","57.8","0.0","1.24"
"IEX","IDEX Corp.","156.14","1.2","11,552","27.7","33.8","1.03"
"IFF","International Flavors & Fragrances, Inc.","118.40","0.0","12,185","34.3","0.0","0.71"
"ILMN","Illumina, Inc.","301.63","0.0","42,388","47.3","0.0","1.47"
"INCY","Incyte Corp.","74.76","0.0","16,009","52.3","0.0","1.07"
"INFO","IHS Markit Ltd.","67.52","0.0","26,701","70.3","0.0","0.97"
"INTC","Intel Corp.","50.62","2.5","220,259","11.6","28.7","1.22"
"INTU","Intuit, Inc.","266.76","0.7","67,876","44.5","32.1","1.33"
"IP","International Paper Co.","39.12","5.1","15,096","9.9","50.6","1.12"
"IPG","Interpublic Group of Cos., Inc.","21.11","4.4","7,849","12.5","54.9","0.80"
"IPGP","IPG Photonics Corp.","131.68","0.0","6,635","23.1","0.0","1.70"
"IQV","IQVIA Holdings, Inc.","148.70","0.0","28,457","119.3","0.0","1.12"
"IR","Ingersoll-Rand Plc","116.45","1.9","27,303","19.9","37.4","0.95"
"IRM","Iron Mountain, Inc.","32.27","7.6","9,181","31.7","239.7","0.56"
"ISRG","Intuitive Surgical, Inc.","526.60","0.0","58,663","49.9","0.0","1.48"
"IT","Gartner, Inc.","142.57","0.0","12,672","58.5","0.0","0.99"
"ITW","Illinois Tool Works, Inc.","150.20","2.7","47,357","20.0","54.8","1.11"
"IVZ","Invesco Ltd.","15.73","7.9","14,450","10.8","85.0","1.12"
"JBHT","J.B. Hunt Transport Services, Inc.","108.11","0.9","11,315","24.8","23.4","0.97"
"JCI","Johnson Controls International Plc","42.24","2.5","32,870","66.8","168.3","0.81"
"JEC","Jacobs Engineering Group, Inc.","88.90","0.7","11,969","-50.6","-37.8","1.10"
"JEF","Jefferies Financial Group, Inc.","17.32","2.5","5,094","45.4","113.6","1.24"
"JKHY","Jack Henry & Associates, Inc.","144.81","1.1","10,955","41.1","44.5","0.83"
"JNJ","Johnson & Johnson","133.16","2.8","347,948","21.8","60.3","0.55"
"JNPR","Juniper Networks, Inc.","23.72","3.2","8,005","16.6","53.2","1.01"
"JPM","JPMorgan Chase & Co.","114.37","2.9","357,543","11.6","33.3","0.94"
"JWN","Nordstrom, Inc.","33.07","4.5","5,105","10.8","48.7","0.98"
"K","Kellogg Co.","62.68","3.6","21,064","24.9","90.1","0.39"
"KEY","KeyCorp","17.28","4.1","16,794","10.3","41.7","1.04"
"KEYS","Keysight Technologies, Inc.","96.21","0.0","17,148","58.0","0.0","1.46"
"KHC","The Kraft Heinz Co.","26.94","7.7","32,585","-3.0","-22.7","0.50"
"KIM","Kimco Realty Corp.","20.63","5.5","8,676","25.6","139.8","0.65"
"KLAC","KLA Corp.","161.05","1.9","24,485","21.3","41.3","1.48"
"KMB","Kimberly-Clark Corp.","140.16","3.0","47,193","26.9","79.5","0.41"
"KMI","Kinder Morgan, Inc.","20.30","4.2","45,298","20.3","86.4","0.83"
"KMX","CarMax, Inc.","86.31","0.0","13,992","16.4","0.0","0.76"
"KO","The Coca-Cola Co.","53.87","2.9","229,109","32.8","96.7","0.42"
"KR","The Kroger Co.","24.84","2.4","19,607","12.1","28.8","0.59"
"KSS","Kohl's Corp.","48.36","5.3","7,701","10.6","56.1","1.08"
"KSU","Kansas City Southern","128.13","1.1","12,662","22.8","26.0","0.99"
"L","Loews Corp.","49.58","0.5","14,722","20.3","10.4","0.89"
"LB","L Brands, Inc.","18.47","10.2","4,892","8.8","89.8","1.22"
"LDOS","Leidos Holdings, Inc.","83.80","1.6","11,769","18.7","29.2","0.95"
"LEG","Leggett & Platt, Inc.","39.27","4.0","5,055","18.2","72.7","1.05"
"LEN","Lennar Corp.","59.33","0.3","19,051","9.8","2.6","0.70"
"LH","Laboratory Corp. of America Holdings","166.98","0.0","15,971","19.6","0.0","0.82"
"LHX","L3Harris Technologies, Inc.","205.77","1.3","46,573","25.6","33.5","0.64"
"LIN","Linde Plc","188.58","1.8","99,528","18.8","34.8","0.72"
"LKQ","LKQ Corp.","30.29","0.0","9,212","22.6","0.0","0.99"
"LLY","Eli Lilly & Co.","107.83","2.3","103,484","25.6","57.7","0.67"
"LMT","Lockheed Martin Corp.","383.78","2.3","107,909","18.6","41.8","0.79"
"LNC","Lincoln National Corp.","55.94","2.7","10,794","7.8","20.8","1.34"
"LNT","Alliant Energy Corp.","53.78","2.6","12,681","24.9","64.3","0.23"
"LOW","Lowe's Cos., Inc.","108.23","1.9","82,196","33.8","63.1","1.07"
"LRCX","Lam Research Corp.","232.14","1.9","32,978","16.1","31.2","1.49"
"LUV","Southwest Airlines Co.","53.04","1.2","28,504","12.3","15.3","0.92"
"LW","Lamb Weston Holdings, Inc.","75.91","1.0","11,184","23.3","24.1","0.33"
"LYB","LyondellBasell Industries NV","84.16","5.0","27,366","8.8","43.7","1.05"
"M","Macy's, Inc.","15.03","10.2","4,584","4.5","46.1","1.02"
"MA","Mastercard, Inc.","272.19","0.5","270,958","41.7","19.4","1.40"
"MAA","Mid-America Apartment Communities, Inc.","132.68","2.9","15,127","64.0","183.6","0.40"
"MAC","Macerich Co.","28.74","10.8","4,198","37.5","404.6","0.68"
"MAR","Marriott International, Inc.","119.20","1.5","38,755","27.0","39.3","1.09"
"MAS","Masco Corp.","42.31","1.2","12,000","17.3","20.0","1.06"
"MCD","McDonald's Corp.","211.92","2.1","160,326","27.6","58.6","0.42"
"MCHP","Microchip Technology, Inc.","92.34","1.6","21,254","58.8","96.1","1.49"
"MCK","McKesson Corp.","130.23","1.2","24,087","43.1","51.6","0.78"
"MCO","Moody's Corp.","208.21","0.9","38,929","31.9","29.1","1.19"
"MDLZ","Mondelez International, Inc.","55.07","1.9","78,683","21.6","41.2","0.55"
"MDT","Medtronic Plc","107.26","1.9","140,888","32.6","63.3","0.67"
"MET","MetLife, Inc.","44.95","3.9","41,044","7.3","28.4","1.05"
"MGM","MGM Resorts International","27.25","1.9","13,739","78.8","149.5","1.41"
"MHK","Mohawk Industries, Inc.","124.06","0.0","8,824","11.7","0.0","1.05"
"MKC","McCormick & Co., Inc.","168.22","1.3","22,148","31.6","42.3","0.42"
"MKTX","MarketAxess Holdings, Inc.","347.79","0.5","13,089","69.6","37.3","0.38"
"MLM","Martin Marietta Materials, Inc.","262.11","0.7","16,418","32.5","23.7","0.71"
"MMC","Marsh & McLennan Cos., Inc.","97.63","1.8","48,226","33.3","59.5","0.82"
"MMM","3M Co.","153.52","3.7","86,717","18.2","67.5","1.04"
"MNST","Monster Beverage Corp.","55.73","0.0","30,447","28.9","0.0","0.88"
"MO","Altria Group, Inc.","42.17","7.6","78,460","12.5","95.3","0.54"
"MOS","The Mosaic Co.","19.20","0.7","7,157","28.7","19.4","1.20"
"MPC","Marathon Petroleum Corp.","60.40","3.3","39,380","12.9","42.7","1.33"
"MRK","Merck & Co., Inc.","84.39","2.6","213,254","23.5","60.0","0.68"
"MRO","Marathon Oil Corp.","11.41","1.8","8,916","9.7","17.4","1.57"
"MS","Morgan Stanley","40.68","3.0","65,813","8.7","26.4","1.21"
"MSCI","MSCI, Inc.","220.79","1.1","18,168","32.7","35.4","1.32"
"MSFT","Microsoft Corp.","137.12","1.4","1,035,896","26.8","36.4","1.37"
"MSI","Motorola Solutions, Inc.","167.79","1.3","28,439","26.7","34.9","0.93"
"MTB","M&T Bank Corp.","154.02","2.7","20,120","11.0","29.3","0.79"
"MTD","Mettler-Toledo International, Inc.","681.85","0.0","16,207","31.1","0.0","1.15"
"MU","Micron Technology, Inc.","44.16","0.0","47,054","7.8","0.0","1.85"
"MXIM","Maxim Integrated Products, Inc.","56.92","3.3","15,034","18.9","62.6","1.35"
"MYL","Mylan NV","18.84","0.0","9,481","314.0","0.0","1.40"
"NBL","Noble Energy, Inc.","19.72","2.3","9,306","-10.2","-23.7","1.50"
"NCLH","Norwegian Cruise Line Holdings Ltd.","48.56","0.0","10,169","10.9","0.0","1.16"
"NDAQ","Nasdaq, Inc.","99.01","1.8","15,987","30.3","55.8","0.82"
"NEE","NextEra Energy, Inc.","232.55","2.1","112,398","33.2","68.1","0.20"
"NEM","Newmont Goldcorp Corp.","38.26","1.4","31,910","-281.3","-404.8","-0.11"
"NFLX","Netflix, Inc.","274.46","0.0","118,530","104.0","0.0","1.71"
"NI","NiSource, Inc.","29.33","2.7","10,763","96.2","263.5","0.26"
"NKE","NIKE, Inc.","93.17","1.0","143,759","33.9","32.6","1.13"
"NKTR","Nektar Therapeutics","18.67","0.0","2,835","-7.7","0.0","1.50"
"NLSN","Nielsen Holdings Plc","20.94","6.9","7,209","-10.8","-74.6","0.95"
"NOC","Northrop Grumman Corp.","367.92","1.3","62,339","17.9","23.9","0.84"
"NOV","National Oilwell Varco, Inc.","20.69","1.0","7,825","-1.4","-1.4","1.27"
"NRG","NRG Energy, Inc.","38.92","0.3","9,866","21.4","6.6","0.73"
"NSC","Norfolk Southern Corp.","171.67","2.0","43,920","16.5","32.9","1.06"
"NTAP","NetApp, Inc.","52.03","3.3","12,026","13.1","43.5","1.49"
"NTRS","Northern Trust Corp.","88.77","2.6","18,798","13.4","35.1","1.11"
"NUE","Nucor Corp.","49.68","3.2","14,748","7.0","22.7","1.13"
"NVDA","NVIDIA Corp.","184.33","0.4","107,933","40.9","14.5","2.11"
"NWL","Newell Brands, Inc.","18.59","5.0","7,824","-1.2","-5.8","1.11"
"NWS","News Corp.","13.94","1.5","7,719","52.5","79.7","0.91"
"NWSA","News Corp.","13.71","1.5","7,591","51.7","79.7","0.93"
"O","Realty Income Corp.","77.82","3.4","24,796","59.4","204.2","0.36"
"OKE","ONEOK, Inc.","70.72","5.0","28,164","23.2","116.0","0.94"
"OMC","Omnicom Group, Inc.","77.00","3.3","16,307","12.9","43.0","0.73"
"ORCL","Oracle Corp.","54.80","1.6","177,420","17.4","27.6","0.99"
"ORLY","O'Reilly Automotive, Inc.","388.95","0.0","29,658","22.9","0.0","0.62"
"OXY","Occidental Petroleum Corp.","42.18","7.6","36,521","8.3","63.7","0.94"
"PAYX","Paychex, Inc.","82.93","2.9","29,380","28.2","81.1","0.91"
"PBCT","People's United Financial, Inc.","15.30","4.7","5,949","11.7","55.0","0.86"
"PCAR","PACCAR, Inc.","67.73","1.9","23,054","10.0","18.5","1.02"
"PEG","Public Service Enterprise Group, Inc.","62.16","3.0","30,929","21.4","64.5","0.26"
"PEP","PepsiCo, Inc.","138.34","2.7","191,371","15.7","43.0","0.47"
"PFE","Pfizer Inc.","35.83","4.0","195,965","16.1","64.4","0.74"
"PFG","Principal Financial Group, Inc.","54.29","4.1","14,600","10.1","41.6","1.16"
"PG","Procter & Gamble Co.","122.84","2.4","302,643","84.1","201.6","0.48"
"PGR","Progressive Corp.","75.76","3.5","43,494","13.7","48.1","0.96"
"PH","Parker-Hannifin Corp.","170.88","1.9","21,409","14.7","27.8","1.30"
"PHM","PulteGroup, Inc.","36.75","1.1","10,041","11.1","12.7","0.64"
"PKG","Packaging Corporation of America","103.71","3.1","9,668","12.4","38.4","1.07"
"PKI","PerkinElmer, Inc. (United States)","84.35","0.4","8,786","37.0","13.1","1.27"
"PLD","Prologis, Inc.","85.76","2.4","53,734","31.6","75.1","0.67"
"PM","Philip Morris International, Inc.","77.17","6.0","118,819","15.4","91.7","0.52"
"PNC","The PNC Financial Services Group, Inc.","139.95","2.8","60,635","12.6","35.1","0.85"
"PNR","Pentair Plc","36.13","2.0","5,908","16.9","34.1","1.07"
"PNW","Pinnacle West Capital Corp.","97.44","3.0","10,734","21.7","66.1","0.21"
"PPG","PPG Industries, Inc.","115.71","1.7","26,547","22.7","38.7","0.84"
"PPL","PPL Corp.","30.81","5.4","21,819","12.5","68.0","0.28"
"PRGO","Perrigo Co. Plc","53.51","1.5","7,066","83.1","124.8","1.24"
"PRU","Prudential Financial, Inc.","86.99","4.5","34,149","8.7","39.1","1.19"
"PSA","Public Storage","246.62","3.2","43,094","29.4","95.3","0.13"
"PSX","Phillips 66","101.36","3.3","45,268","8.7","28.5","1.07"
"PVH","PVH Corp.","83.71","0.2","5,991","9.3","1.7","1.31"
"PWR","Quanta Services, Inc.","37.33","0.3","5,272","16.9","5.5","1.13"
"PXD","Pioneer Natural Resources Co.","124.54","0.4","20,635","23.4","9.1","1.35"
"PYPL","PayPal Holdings, Inc.","101.62","0.0","116,878","47.5","0.0","1.42"
"QCOM","QUALCOMM, Inc.","76.34","3.4","88,560","26.8","91.2","1.02"
"QRVO","Qorvo, Inc.","73.96","0.0","8,534","44.6","0.0","1.46"
"RCL","Royal Caribbean Cruises Ltd.","102.60","2.8","21,171","11.6","32.2","1.25"
"RE","Everest Re Group Ltd.","254.66","2.2","10,203","20.0","43.9","0.55"
"REG","Regency Centers Corp.","68.87","3.3","11,479","40.2","134.1","0.48"
"REGN","Regeneron Pharmaceuticals, Inc.","283.81","0.0","31,330","14.9","0.0","1.12"
"RF","Regions Financial Corp.","15.38","3.8","14,856","10.6","40.0","1.07"
"RHI","Robert Half International, Inc.","54.01","2.2","6,200","14.1","31.5","1.33"
"RJF","Raymond James Financial, Inc.","78.13","1.7","10,613","10.8","18.7","1.18"
"RL","Ralph Lauren Corp.","91.56","2.8","6,950","16.7","47.5","1.11"
"RMD","ResMed, Inc.","132.18","1.1","18,710","46.8","53.2","0.85"
"ROK","Rockwell Automation, Inc.","156.94","2.5","17,934","18.2","45.4","1.20"
"ROL","Rollins, Inc.","34.22","1.2","11,150","49.6","57.7","0.77"
"ROP","Roper Technologies, Inc.","338.56","0.5","34,588","31.2","16.9","1.00"
"ROST","Ross Stores, Inc.","108.14","0.9","39,023","24.4","21.7","1.00"
"RSG","Republic Services, Inc.","86.58","1.8","27,456","26.7","46.7","0.47"
"RTN","Raytheon Co.","193.98","1.9","53,532","17.9","33.6","0.80"
"SBAC","SBA Communications Corp.","236.35","0.0","26,824","205.5","0.0","0.49"
"SBUX","Starbucks Corp.","85.85","1.7","101,637","30.0","50.9","0.77"
"SCHW","The Charles Schwab Corp.","35.45","1.7","46,051","13.2","22.5","1.19"
"SEE","Sealed Air Corp.","40.14","1.6","6,075","17.2","27.9","0.64"
"SHW","The Sherwin-Williams Co.","549.28","0.7","50,366","43.3","31.6","0.86"
"SIVB","SVB Financial Group","197.34","0.0","9,706","9.1","0.0","1.56"
"SJM","The J. M. Smucker Co.","107.36","3.2","12,083","22.8","73.8","0.21"
"SLB","Schlumberger NV","31.80","6.5","42,472","21.1","137.2","1.08"
"SLG","SL Green Realty Corp.","80.30","4.2","6,906","29.1","122.6","0.64"
"SNA","Snap-On, Inc.","154.48","2.4","8,385","12.4","29.8","1.03"
"SNPS","Synopsys, Inc.","137.89","0.0","20,129","32.8","0.0","1.30"
"SO","The Southern Co.","61.92","3.9","64,135","14.5","57.0","0.17"
"SPG","Simon Property Group, Inc.","148.22","5.6","96,686","21.1","117.4","0.52"
"SPGI","S&P Global, Inc.","245.58","0.9","59,567","30.9","27.4","1.02"
"SRE","Sempra Energy","146.43","2.6","40,059","20.8","53.1","0.34"
"STI","SunTrust Banks, Inc.","66.47","3.0","29,175","11.6","35.3","0.89"
"STT","State Street Corp.","56.28","3.4","20,547","10.1","34.4","1.02"
"STX","Seagate Technology Plc","53.62","4.9","13,526","7.5","36.7","1.33"
"STZ","Constellation Brands, Inc.","188.74","1.6","36,318","45.7","71.9","0.78"
"SWK","Stanley Black & Decker, Inc.","138.83","2.0","20,498","29.1","56.8","1.43"
"SWKS","Skyworks Solutions, Inc.","80.88","1.9","13,564","15.3","29.5","1.47"
"SYF","Synchrony Financial","32.42","2.7","20,832","6.7","18.0","0.98"
"SYK","Stryker Corp.","212.94","1.0","77,561","22.4","21.9","0.95"
"SYMC","Symantec Corp.","23.47","1.3","14,356","127.1","164.1","1.22"
"SYY","Sysco Corp.","78.22","2.0","39,716","24.1","47.5","0.48"
"T","AT&T, Inc.","37.66","5.4","273,866","15.8","85.5","0.67"
"TAP","Molson Coors Brewing Co.","56.17","3.0","11,969","13.6","40.2","0.60"
"TDG","TransDigm Group, Inc.","514.42","0.0","27,149","38.5","0.0","1.24"
"TEL","TE Connectivity Ltd.","88.50","2.1","28,732","9.4","19.6","1.03"
"TFX","Teleflex, Inc.","328.44","0.4","14,644","55.7","23.9","0.92"
"TGT","Target Corp.","107.95","2.4","55,446","17.7","42.1","0.90"
"TIF","Tiffany & Co.","89.02","2.6","10,464","19.3","49.6","1.11"
"TJX","The TJX Cos., Inc.","55.73","1.5","67,206","22.1","34.0","0.91"
"TMO","Thermo Fisher Scientific, Inc.","289.16","0.3","108,901","32.8","8.7","1.10"
"TMUS","T-Mobile US, Inc.","78.48","0.0","66,314","20.3","0.0","0.79"
"TPR","Tapestry, Inc.","25.18","5.5","7,097","11.3","62.0","1.33"
"TRIP","TripAdvisor, Inc.","38.80","0.0","5,186","39.4","0.0","1.42"
"TROW","T. Rowe Price Group, Inc.","109.93","2.7","25,379","13.6","37.0","1.24"
"TRV","The Travelers Cos., Inc.","143.15","2.2","36,618","14.2","31.5","0.68"
"TSCO","Tractor Supply Co.","92.05","1.4","10,980","20.3","28.2","1.00"
"TSN","Tyson Foods, Inc.","81.16","1.9","23,700","13.2","24.7","0.48"
"TSS","Total System Services, Inc.","133.27","0.4","23,587","38.9","15.2",""
"TTWO","Take-Two Interactive Software, Inc.","122.99","0.0","13,519","45.2","0.0","1.23"
"TWTR","Twitter, Inc.","40.80","0.0","30,688","13.2","0.0","1.71"
"TXN","Texas Instruments Incorporated","128.85","2.3","116,683","23.1","54.2","1.28"
"TXT","Textron, Inc.","47.59","0.2","10,663","9.5","1.6","1.26"
"UA","Under Armour, Inc.","17.47","0.0","7,829","92.3","0.0","1.34"
"UAA","Under Armour, Inc.","19.10","0.0","8,578","100.9","0.0","1.34"
"UAL","United Airlines Holdings, Inc.","84.85","0.0","21,758","8.6","0.0","1.01"
"UDR","UDR, Inc.","49.02","2.7","23,310","85.4","232.4","0.41"
"UHS","Universal Health Services, Inc.","145.07","0.3","12,671","16.5","4.6","0.76"
"ULTA","Ulta Beauty, Inc.","242.75","0.0","13,948","20.4","0.0","0.89"
"UNH","UnitedHealth Group, Inc.","221.24","1.7","208,594","16.3","28.0","0.84"
"UNM","Unum Group","27.29","3.9","5,557","11.0","42.8","1.25"
"UNP","Union Pacific Corp.","155.91","2.2","106,715","18.4","40.9","1.09"
"UPS","United Parcel Service, Inc.","115.57","3.3","96,881","21.1","69.8","1.07"
"URI","United Rentals, Inc.","115.66","0.0","8,426","8.5","0.0","1.89"
"USB","U.S. Bancorp","53.93","2.8","82,541","12.7","35.8","0.75"
"UTX","United Technologies Corp.","132.69","2.2","112,861","21.4","47.6","1.06"
"V","Visa, Inc.","174.90","0.6","299,734","33.6","18.7","1.20"
"VAR","Varian Medical Systems, Inc.","112.30","0.0","9,830","30.3","0.0","0.92"
"VFC","VF Corp.","88.30","2.3","34,629","30.5","69.7","1.12"
"VIAB","Viacom, Inc.","23.08","3.6","8,943","5.7","20.5","1.00"
"VLO","Valero Energy Corp.","83.42","4.1","34,528","13.7","56.0","1.24"
"VMC","Vulcan Materials Co.","147.63","0.8","19,492","34.6","27.7","0.93"
"VNO","Vornado Realty Trust","63.58","4.1","11,984","4.2","17.3","0.61"
"VRSK","Verisk Analytics, Inc.","157.17","0.3","25,327","43.2","13.9","0.85"
"VRSN","VeriSign, Inc.","183.44","0.0","21,420","35.0","0.0","1.12"
"VRTX","Vertex Pharmaceuticals, Inc.","172.05","0.0","43,580","19.8","0.0","1.16"
"VTR","Ventas, Inc.","73.68","4.3","27,254","52.8","228.6","0.26"
"VZ","Verizon Communications, Inc.","60.25","4.0","247,001","15.7","63.5","0.30"
"WAB","Westinghouse Air Brake Technologies Corp.","65.03","0.8","12,205","35.9","27.0","1.08"
"WAT","Waters Corp.","223.48","0.0","13,886","28.2","0.0","0.90"
"WBA","Walgreens Boots Alliance, Inc.","52.76","3.4","47,044","10.3","34.9","0.96"
"WCG","WellCare Health Plans, Inc.","263.58","0.0","13,060","25.1","0.0","0.83"
"WDC","Western Digital Corp.","57.99","3.6","16,502","-22.4","-80.7","1.70"
"WEC","WEC Energy Group, Inc.","95.22","2.4","29,704","27.4","66.6","0.16"
"WELL","Welltower, Inc.","91.54","3.8","36,950","101.9","389.1","0.34"
"WFC","Wells Fargo & Co.","48.81","3.7","210,700","10.0","36.8","0.83"
"WHR","Whirlpool Corp.","156.95","3.0","9,849","11.0","32.9","1.14"
"WLTW","Willis Towers Watson Plc","187.59","1.4","23,781","28.8","39.1","0.73"
"WM","Waste Management, Inc.","115.71","1.7","48,689","28.0","47.7","0.52"
"WMB","The Williams Cos., Inc.","23.48","6.3","27,767","309.4","1,944.4","0.86"
"WMT","Walmart, Inc.","117.23","1.8","334,430","26.3","46.9","0.60"
"WRK","WestRock Co.","34.01","5.3","8,638","10.4","55.9","1.28"
"WU","The Western Union Co.","23.32","3.4","9,817","8.4","28.3","0.68"
"WY","Weyerhaeuser Co.","27.01","5.2","19,636","5,871.7","30,294.3","0.86"
"WYNN","Wynn Resorts Ltd.","107.02","3.2","11,038","13.8","43.9","1.69"
"XEC","Cimarex Energy Co.","45.32","1.7","4,457","7.3","12.6","1.54"
"XEL","Xcel Energy, Inc.","64.28","2.5","32,749","26.2","64.8","0.23"
"XLNX","Xilinx, Inc.","92.63","1.6","22,550","24.9","40.5","1.55"
"XOM","Exxon Mobil Corp.","68.02","5.0","282,215","16.4","81.8","0.88"
"XRAY","Dentsply Sirona, Inc.","53.94","0.7","11,951","111.8","73.4","0.71"
"XRX","Xerox Holdings Corp.","29.83","3.5","6,264","13.2","46.5","1.22"
"XYL","Xylem, Inc.","75.57","1.2","13,219","23.7","29.1","1.10"
"YUM","Yum! Brands, Inc.","113.69","1.4","34,259","26.5","36.7","0.57"
"ZBH","Zimmer Biomet Holdings, Inc.","134.50","0.7","26,941","-76.4","-55.9","0.91"
"ZION","Zions Bancorporation NA","43.44","2.8","7,469","9.9","28.1","0.95"
"ZTS","Zoetis, Inc.","126.07","0.5","59,876","44.0","21.7","0.97"